<?xml version="1.0" encoding="UTF-8" standalone="no" ?>
<SimscapeMultibodyImportXML version="2.0" xmlns="urn:mathworks:SimscapeMultibody:import" xmlns:xsi="http://www.w3.org/2001/XMLSchema-instance">
<Created by="" on="07/21/20||20:37:17" using="Simscape Multibody Link Version 6.1" from="SolidWorks 28.0.0"/>
<ModelUnits mass="kilogram" length="millimeter"/>
<DataUnits mass="kilogram" length="meter"/>
<RootAssembly name="CubeAssemblyForMatlab" uid="CubeAssemblyForMatlab" version="214">
<AssemblyFile name="CubeAssemblyForMatlab.SLDASM" type="SolidWorks Assembly"/>
<InstanceTree>
<Instance name="Fly_Wheel-1" uid="Fly_Wheel-1" entityUid="Fly_Wheel*:*Default">
<Transform>
<Rotation>0.85683919165251132 0.0087265354983670426 -0.51550989052244856 -0.0074775223434861877 0.99996192306417131 0.0044987866594144079 0.5155295203069109 0 0.85687181870576545</Rotation>
<Translation>-0.11995850973679779 -0.16564348743888876 0.063175228691506824</Translation>
</Transform>
</Instance>
<Instance name="CubeBody-1" uid="CubeBody-1" grounded="true" entityUid="CubeBody*:*Default">
<Transform>
<Rotation>1 0 0 0 1 0 0 0 1</Rotation>
<Translation>-0.18904915817482776 -0.18220910470018514 0.0074962584547242292</Translation>
</Transform>
</Instance>
<Instance name="Fly_Wheel-2" uid="Fly_Wheel-2" entityUid="Fly_Wheel*:*Default">
<Transform>
<Rotation>-0.0083875395403778513 -0.99996192306417131 -0.0024086515445085957 -0.96111683383884927 0.0087265354983673531 -0.27600412911726829 0.27601463890896177 5.1321347528570627e-16 -0.96115343161638622</Rotation>
<Translation>-0.1843451772510831 -0.095078928017002975 0.063175228691506824</Translation>
</Transform>
</Instance>
<Instance name="Fly_Wheel-3" uid="Fly_Wheel-3" entityUid="Fly_Wheel*:*Default">
<Transform>
<Rotation>-0.78284517501740591 1.30899707385947e-16 -0.62221654747520783 -0.62221654747520783 1.4022470716406337e-16 0.78284517501740591 1.8972433750062437e-16 1 0</Rotation>
<Translation>-0.11934765225191206 -0.095646152824396813 0.12817522869150685</Translation>
</Transform>
</Instance>
</InstanceTree>
<Constraints>
<Concentric name="Concentric1">
<ConstraintGeometry geomType="cylinder">
<InstancePath>
<Uid>CubeBody-1</Uid>
</InstancePath>
<Position>0.069301830597090441 0.040764695799449302 0.055678970236782623</Position>
<Axis>0.0087265354983670478 0.99996192306417153 0</Axis>
</ConstraintGeometry>
<ConstraintGeometry geomType="cylinder">
<InstancePath>
<Uid>Fly_Wheel-1</Uid>
</InstancePath>
<Position>0 0.0049999999999999767 0</Position>
<Axis>0 -1.0000000000000002 0</Axis>
</ConstraintGeometry>
</Concentric>
<Coincident name="Coincident5">
<ConstraintGeometry geomType="plane">
<InstancePath>
<Uid>CubeBody-1</Uid>
</InstancePath>
<Position>0.069134281115521792 0.021565426876617222 0.055678970236782623</Position>
<Axis>-0.0087265354983670478 -0.99996192306417153 0</Axis>
</ConstraintGeometry>
<ConstraintGeometry geomType="plane">
<InstancePath>
<Uid>Fly_Wheel-1</Uid>
</InstancePath>
<Position>0 0.0049999999999999767 0</Position>
<Axis>0 1.0000000000000002 0</Axis>
</ConstraintGeometry>
</Coincident>
<Concentric name="Concentric2">
<ConstraintGeometry geomType="cylinder">
<InstancePath>
<Uid>CubeBody-1</Uid>
</InstancePath>
<Position>0.069701505922915713 0.08656295187578833 0.10147897023678262</Position>
<Axis>0 0 -1</Axis>
</ConstraintGeometry>
<ConstraintGeometry geomType="cylinder">
<InstancePath>
<Uid>Fly_Wheel-3</Uid>
</InstancePath>
<Position>0 0.0050000000000000044 0</Position>
<Axis>0 -1 0</Axis>
</ConstraintGeometry>
</Concentric>
<Coincident name="Coincident6">
<ConstraintGeometry geomType="plane">
<InstancePath>
<Uid>CubeBody-1</Uid>
</InstancePath>
<Position>0.069701505922915713 0.08656295187578833 0.12067897023678262</Position>
<Axis>0 0 1</Axis>
</ConstraintGeometry>
<ConstraintGeometry geomType="plane">
<InstancePath>
<Uid>Fly_Wheel-3</Uid>
</InstancePath>
<Position>0 0 0</Position>
<Axis>0 -1 0</Axis>
</ConstraintGeometry>
</Coincident>
<Concentric name="Concentric3">
<ConstraintGeometry geomType="cylinder">
<InstancePath>
<Uid>CubeBody-1</Uid>
</InstancePath>
<Position>0.023903249846576657 0.086962627201613518 0.055678970236782678</Position>
<Axis>0.99996192306417153 -0.0087265354983670426 -1.4772254600115e-16</Axis>
</ConstraintGeometry>
<ConstraintGeometry geomType="cylinder">
<InstancePath>
<Uid>Fly_Wheel-2</Uid>
</InstancePath>
<Position>0 0.0049999999999999767 0</Position>
<Axis>0 -1.0000000000000002 0</Axis>
</ConstraintGeometry>
</Concentric>
<Coincident name="Coincident7">
<ConstraintGeometry geomType="plane">
<InstancePath>
<Uid>CubeBody-1</Uid>
</InstancePath>
<Position>0.0047039809237445773 0.087130176683182167 0.055678970236782692</Position>
<Axis>-0.99996192306417153 0.0087265354983670426 1.4772254600115e-16</Axis>
</ConstraintGeometry>
<ConstraintGeometry geomType="plane">
<InstancePath>
<Uid>Fly_Wheel-2</Uid>
</InstancePath>
<Position>0 0 0</Position>
<Axis>0 -1.0000000000000002 0</Axis>
</ConstraintGeometry>
</Coincident>
</Constraints>
</RootAssembly>
<Assemblies>
</Assemblies>
<Parts>
<Part name="CubeBody" uid="CubeBody*:*Default" version="170">
<ModelUnits mass="kilogram" length="millimeter"/>
<PartFile name="CubeBody.SLDPRT" type="SolidWorks Part"/>
<MassProperties>
<Mass>0.51626979025541464</Mass>
<CenterOfMass>0.068605407248442454 0.085485818708278746 0.056765627534354227</CenterOfMass>
<Inertia>0.0027069799878735503 0.0027043974757275649 0.0027056887318005567 -7.3338809668500751e-05 -7.4630114910441495e-05 7.3976010877331626e-05</Inertia>
</MassProperties>
<GeometryFile name="CubeBody_Default_sldprt.STEP" type="STEP"/>
<VisualProperties>
<Ambient r="0.792156862745098" g="0.81960784313725488" b="0.93333333333333335" a="1"/>
<Diffuse r="0.792156862745098" g="0.81960784313725488" b="0.93333333333333335" a="1"/>
<Specular r="0.396078431372549" g="0.40980392156862744" b="0.46666666666666667" a="1"/>
<Emissive r="0" g="0" b="0" a="1"/>
<Shininess>0.40000000596046448</Shininess>
</VisualProperties>
</Part>
<Part name="Fly_Wheel" uid="Fly_Wheel*:*Default" version="125">
<ModelUnits mass="kilogram" length="millimeter"/>
<PartFile name="Fly_Wheel.SLDPRT" type="SolidWorks Part"/>
<MassProperties>
<Mass>0.21701269073113266</Mass>
<CenterOfMass>0 0.0024999999999999996 0</CenterOfMass>
<Inertia>0.00024416239087609671 0.0004874205622074803 0.00024416239087609671 0 0 0</Inertia>
</MassProperties>
<GeometryFile name="Fly_Wheel_Default_sldprt.STEP" type="STEP"/>
<VisualProperties>
<Ambient r="0.77647058823529413" g="0.75686274509803919" b="0.73725490196078436" a="1"/>
<Diffuse r="0.77647058823529413" g="0.75686274509803919" b="0.73725490196078436" a="1"/>
<Specular r="0.38823529411764707" g="0.3784313725490196" b="0.36862745098039218" a="1"/>
<Emissive r="0" g="0" b="0" a="1"/>
<Shininess>0.3125</Shininess>
</VisualProperties>
</Part>
</Parts>
</SimscapeMultibodyImportXML>
